<?xml version="1.0" encoding="utf-8"?>
<!--
     Copyright (C) 2015 InfinitiveOS Project
     Licensed under the Apache License, Version 2.0 (the "License");
     you may not use this file except in compliance with the License.
     You may obtain a copy of the License at

          http://www.apache.org/licenses/LICENSE-2.0

     Unless required by applicable law or agreed to in writing, software
     distributed under the License is distributed on an "AS IS" BASIS,
     WITHOUT WARRANTIES OR CONDITIONS OF ANY KIND, either express or implied.
     See the License for the specific language governing permissions and
     limitations under the License.
-->
<resources xmlns:xliff="urn:oasis:names:tc:xliff:document:1.2">
    
    <!-- About Phone screen, Infinitive-OS version -->
    <string name="io_version">InfinitiveOS version</string>
    <string name="io_version_default">Unknown</string>

    <!-- SuperSU header name - the app hides itself from launcher based on this resource name being present in com.android.settings -->
    <string name="supersu_title">SuperSU</string>

    <!-- Generic strings -->
    <string name="ok_string">OK</string>
    <string name="default_string">Default</string>
    <string name="enabled_string">Enabled</string>
    <string name="disabled_string">Disabled</string>
    <string name="general_string">General</string>
    <string name="reset_string">Reset</string>
    <string name="empty_string">Empty</string>
   <string name="font_size_sample">Sample</string>

    <!-- Profiles -->
    <string name="profile_reset_title">Reset</string>
    <string name="profiles_add">Add</string>
    <string name="profile_choose_app">Choose app</string>
    <string name="profile_applist_title">Apps</string>
    <string name="picker_activities">Activities</string>
    <string name="select_custom_app_title">Select custom app</string>
    <string name="select_custom_activity_title">Select custom activity</string>

    <!-- Notification light dialogs -->
    <string name="edit_light_settings">Edit light settings</string>
    <string name="pulse_speed_title">Pulse length and speed</string>
    <string name="default_time">Normal</string>
    <string name="custom_time">Custom</string>
    <string name="dialog_delete_title">Delete</string>
    <string name="dialog_delete_message">Remove selected item?</string>

    <!-- Values for the notification light pulse spinners -->
    <string name="pulse_length_always_on">Always on</string>
    <string name="pulse_length_very_short">Very short</string>
    <string name="pulse_length_short">Short</string>
    <string name="pulse_length_normal">Normal</string>
    <string name="pulse_length_long">Long</string>
    <string name="pulse_length_very_long">Very long</string>
    <string name="pulse_speed_very_fast">Very fast</string>
    <string name="pulse_speed_fast">Fast</string>
    <string name="pulse_speed_normal">Normal</string>
    <string name="pulse_speed_slow">Slow</string>
    <string name="pulse_speed_very_slow">Very slow</string>

    <!-- Battery light settings -->
    <string name="battery_light_title">Battery light</string>
    <string name="battery_low_pulse_title">Pulse if battery low</string>
    <string name="battery_light_list_title">Colors</string>
    <string name="battery_light_low_color_title">Battery low</string>
    <string name="battery_light_medium_color_title">Charging</string>
    <string name="battery_light_full_color_title">Fully charged</string>

    <!-- Lights settings screen, notification light settings -->
    <string name="notification_light_title">Notification light</string>
    <string name="notification_light_general_title">General</string>
    <string name="notification_light_applist_title">Apps</string>
    <string name="notification_light_phonelist_title">Phone</string>
    <string name="notification_light_use_custom">Use custom values</string>
    <string name="notification_light_default_value">Default</string>
    <string name="notification_light_missed_call_title">Missed call</string>
    <string name="notification_light_voicemail_title">Voicemail</string>

    <!-- The Infinite Dimension -->
    <string name="io_settings_title">The Infinite Dimension</string>
    <string name="keywords_io">io</string>
    <!-- Lock screen settings -->
    <string name="lock_screen_title">Lock screen</string>
    <!-- Status bar-->
    <string name="status_bar_title">Status bar</string>
    <!-- Vold Switchable SD -->
    <string name="storage_switchable_title">Switchable Internal/External SD</string>	
    <string name="storage_switch_title">Use external SD as primary</string>
    <string name="storage_switch_summary_off">Using expanded internal storage for apps and media</string>
    <string name="storage_switch_summary_on">Using SD Card for apps and media</string>
    <string name="reboot_prompt_title">Reboot required</string>
    <string name="reboot_prompt_message">In order to apply the changed configuration, a reboot is required.\n\nDo you want to reboot now?</string>

    <!-- Wakeup options -->
    <string name="display_category_wakeup_options_title">Wakeup options</string>
    <string name="pref_volume_wake_title">Volume rocker wake</string>
    <string name="pref_volume_wake_summary">Pressing the volume rocker up/down will wake the device</string>
    <string name="wakeup_when_plugged_unplugged_title">Wake up on charge</string>
    <string name="wakeup_when_plugged_unplugged_summary">Wake up device if charger is plugged/unplugged.</string>

    <!-- Status bar - Battery -->
    <string name="status_bar_battery_title">Battery icons</string>
    <string name="status_bar_battery_summary">Change battery icons</string>
    <string name="status_bar_battery_style_category">Battery icon</string>
    <string name="status_bar_battery_style_title">Battery status style</string>
    <string name="status_bar_battery_style_icon_portrait">Icon portrait</string>
    <string name="status_bar_battery_style_icon_landscape">Icon landscape</string>
    <string name="status_bar_battery_style_circle">Circle</string>
    <string name="status_bar_battery_style_dotted_circle">Dotted circle</string>
    <string name="status_bar_battery_style_text">Text</string>
    <string name="status_bar_battery_style_hidden">Hidden</string>

    <!-- Battery percentage -->
    <string name="status_bar_battery_percentage_title">Show battery percentage</string>
    <string name="status_bar_battery_percentage_dialog_title">Battery percentage</string>
    <string name="status_bar_battery_percentage_default">Hidden (default)</string>
    <string name="status_bar_battery_percentage_text_inside">Inside the icon</string>
    <string name="status_bar_battery_percentage_text_next">Next to the icon</string>
	
    <!-- Restart SystemUI -->
    <string name="restart_systemui">Restart SystemUI</string>

    <!-- Quick settings quick pull down -->
    <string name="quick_pulldown_title">Quick pulldown</string>
    <string name="quick_pulldown_summary">%1$s edge of the status bar pulls down Quick Settings</string>
    <string name="quick_pulldown_summary_left">Left</string>
    <string name="quick_pulldown_summary_right">Right</string>
    <string name="quick_pulldown_off">Off</string>
    <string name="quick_pulldown_left">Left</string>
    <string name="quick_pulldown_right">Right</string>

    <string name="notification_drawer_title">Notification drawer</string>

    <!-- Quick Settings brightness slider -->
    <string name="qs_brightness_slider_title_eos">Brightness slider</string>
    <string name="qs_brightness_slider_summary">Show a brightness slider in the quick settings panel</string>
    
    <!-- QuickSettings haptic feedback -->
    <string name="quick_settings_vibrate_title">Vibrate on touch</string>
    <string name="quick_settings_vibrate_summary">Vibrate when touching tiles</string>
    
    <!-- QuickSettings 4 columns -->
    <string name="qs_four_columns_title">Show four tiles per row</string>

    <!-- QuickSettings main tiles -->
    <string name="qs_category_title">Quick Settings</string>
    <string name="qs_main_tiles_title">Enlarge first row</string>
    <string name="qs_main_tiles_summary_on">Two main tiles on the first row</string>
    <string name="qs_main_tiles_summary_off">Three or four tiles on each row</string>
    
    <!-- Power menu -->
    <string name="power_menu_title">Power menu</string>
    <string name="power_menu_power_title">Power off</string>
    <string name="power_menu_reboot_title">Reboot menu</string>
    <string name="power_menu_screenshot_title">Screenshot</string>
    <string name="power_menu_airplane_title">Airplane mode</string>
    <string name="power_menu_users_title">User switcher</string>
    <string name="power_menu_sound_title">Sound panel</string>
    
    <!-- Kill app long-press back -->
    <string name="kill_app_longpress_back">Kill app back button</string>
    <string name="kill_app_longpress_back_summary">Kill the foreground app by long-pressing the back button</string>
    <!--Back to kill timeout -->
    <string name="long_press_kill_delay">App kill delay</string>

    <!--Navigation bar category -->
    <string name="navigation_bar_title">Navigation bar</string>

    <!-- Double Tap Navbar to Sleep -->
    <string name="double_tap_sleep_nav_bar_title">Double-tap to sleep</string>
    <string name="double_tap_sleep_nav_bar_summary">Double tap navigation bar to put the device to sleep</string>

    <!-- Double tap-to-sleep -->
    <string name="double_tap_to_sleep_title">Double-tap to sleep</string>
    <string name="double_tap_to_sleep_summary">Double-tap on the status bar or top third and bottom shortcut area of the lock screen to turn off the display</string>
    
    <!--Status bar carrier -->
    <string name="show_carrier_title">Carrier label</string>
    <string name="show_carrier_disabled">Disabled</string>
    <string name="show_carrier_keyguard">Keyguard carrier</string>
    <string name="show_carrier_statusbar">Status bar carrier</string>
    <string name="show_carrier_enabled">Enabled</string>
    
    <!-- Navigation bar -->
    <string name="navigation_bar_category">Navigation bar</string>
    <string name="navbar_enable_bar">Enable</string>
    <string name="navbar_dimen_title">Dimensions</string>
    <string name="navbar_dimensions_reset_message">Reset all dimensions entries to default?</string>
    <string name="navigation_bar_height_title">Navigation bar height</string>
    <string name="navigation_bar_height_landscape_title">Navigation bar height landscape</string>
    <string name="navigation_bar_width_title">Navigation bar width</string>
    <string name="navigation_bar_size_42_dp_default">42 dp (default)</string>
    <string name="navigation_bar_size_36_dp">36 dp</string>
    <string name="navigation_bar_size_30_dp">30 dp</string>
    <string name="navigation_bar_size_24_dp">24 dp</string>
    <string name="navigation_bar_size_48_dp_default">48 dp (default)</string>
    <string name="navigation_bar_size_44_dp">44 dp</string>
    <string name="navigation_bar_size_40_dp">40 dp</string>
    <string name="navigation_bar_size_42_dp">42 dp</string>
    <string name="navigation_bar_size_0_dp">0 dp (off)</string>
    
</resources>
